服,靴,スニーカー
服,靴,ブーツ
服,靴,ブーツ
服,靴,スニーカー
服,靴,サンダル
服,靴,パンプス
服,靴,ショートブーツ
服,靴,ニーハイブーツ
服,靴,ハイヒール
服,靴,厚底靴
服,靴,下駄
服,靴,はだし
服,靴,草履
服,靴,島草履
服,靴,雨靴
服,靴,ローラースケート
服,靴,ローラーブレード
服,靴,アイススケート
服,トップス,Tシャツ
服,ボトムス,ミニスカート
服,ボトムス,フレアスカート
服,ボトムス,ギャザースカート
服,ボトムス,プリーツスカート
服,ボトムス,ペンシルスカート
服,ボトムス,コクーンスカート
服,ボトムス,ペンシルスカート
服,ボトムス,ペンシルスカート
服,ボトムス,プリーツスカート
服,ボトムス,タイトスカート
服,ボトムス,カプリパンツ
服,ボトムス,サルエルパンツ
服,ボトムス,スラックス
服,ボトムス,スカンツ
服,ボトムス,デニム
服,ボトムス,リジットデニム
服,ボトムス,ベイカーパンツ
服,ボトムス,ストレートデニム
服,ボトムス,ボーイフレンドデニム
服,ボトムス,スキニー
服,ボトムス,バギーパンツ
服,ボトムス,テーパードパンツ
服,ボトムス,パラッツォパンツ
服,ボトムス,ジョガーパンツ
服,ボトムス,チノ・パン
服,トップス,ワイシャツ
服,トップス,作業着
服,トップス,法被
服,トップス,セーラー
服,トップス,ワンピース
服,トップス,ニットシャツ
服,トップス,ブラウス
服,トップス,ポロシャツ
服,トップス,デニムシャツ
服,トップス,ニットシャツ
服,トップス,Tシャツ
服,トップス,カットソー
服,トップス,チュニック
服,トップス,タンクトップ
服,トップス,キャミソール
服,トップス,ベアトップ
服,トップス,ニット
服,トップス,ベスト
服,トップス,カーディガン
服,トップス,スウェット
服,トップス,パーカー
テーマ,オプション,小動物
テーマ,オプション,鞄
テーマ,オプション,眼鏡
テーマ,オプション,帽子
テーマ,オプション,パンスト
テーマ,オプション,色黒
テーマ,オプション,手袋
テーマ,表情,泣いている
テーマ,表情,怒っている
テーマ,表情,笑っている
テーマ,表情,考えている
テーマ,表情,喜んでいる
テーマ,表情,からかっている
テーマ,表情,企んでいる
テーマ,表情,焦っている
